case_name,area,num_rooms,num_paths,avg_path_length,mode_path_length,len_shortest_path,degree_dom_node
10759,95.000041,8.0,0.0,0.0,0.0,0.0,2.0
98688,122.664788,10.0,1.0,5.0,5.0,5.0,1.0
16048,87.83265000000002,8.0,5.0,4.8,5.0,4.0,2.0
15188,84.37906799999999,8.0,4.0,5.0,5.0,5.0,1.0
30425,106.459807,10.0,6.0,3.8333333333333335,4.0,3.0,2.0
18237,41.615314999999995,4.0,1.0,4.0,4.0,4.0,1.0
71037,118.147824,11.0,14.0,5.285714285714286,5.0,3.0,2.0
66810,70.984952,9.0,6.0,4.166666666666667,5.0,3.0,2.0
16813,91.262366,9.0,4.0,4.75,5.0,4.0,1.0
44716,69.18588700000001,10.0,4.0,5.25,5.0,5.0,1.0
7329,84.719903,7.0,4.0,5.5,6.0,5.0,2.0
60529,114.124025,10.0,21.0,6.142857142857143,7.0,5.0,3.0
16026,76.421285,7.0,6.0,5.333333333333333,5.0,5.0,2.0
35526,91.43999,8.0,2.0,5.0,5.0,5.0,1.0
63434,78.379045,10.0,4.0,5.5,5.0,5.0,2.0
95862,95.539411,10.0,9.0,5.555555555555555,5.0,5.0,1.0
21655,127.503746,7.0,9.0,3.6666666666666665,3.0,3.0,3.0
100712,107.314422,12.0,8.0,5.0,5.0,4.0,2.0
108099,95.58260899999999,12.0,3.0,5.0,5.0,5.0,1.0
18546,108.43606600000001,8.0,3.0,4.0,3.0,3.0,2.0
37796,106.362546,8.0,3.0,5.0,5.0,5.0,1.0
10872,66.766564,9.0,3.0,5.333333333333333,5.0,5.0,1.0
33695,90.02926499999998,11.0,8.0,5.25,5.0,5.0,2.0
108911,124.96314500000001,12.0,4.0,4.75,5.0,4.0,1.0
66696,88.11486300000001,8.0,2.0,3.5,4.0,3.0,1.0
23978,48.71582699999998,5.0,4.0,5.0,5.0,4.0,2.0
55897,109.604439,13.0,12.0,5.166666666666667,5.0,5.0,2.0
148793,104.68510099999999,9.0,4.0,3.5,3.0,3.0,2.0
10691,103.61144800000001,13.0,22.0,6.0,7.0,3.0,2.0
108048,68.369986,8.0,4.0,5.0,5.0,4.0,2.0
61457,58.967327,6.0,2.0,5.0,5.0,5.0,1.0
71484,78.479377,8.0,3.0,3.6666666666666665,4.0,3.0,1.0
16005,103.072822,9.0,18.0,5.0,5.0,4.0,3.0
96832,96.28418700000002,10.0,11.0,5.7272727272727275,7.0,3.0,1.0
60478,59.47416400000001,6.0,2.0,5.0,5.0,5.0,2.0
135434,79.652974,8.0,4.0,5.25,5.0,5.0,1.0
22638,117.089796,11.0,1.0,4.0,4.0,4.0,1.0
106722,80.41856100000001,9.0,4.0,5.25,5.0,5.0,1.0
99588,85.435441,10.0,13.0,5.384615384615385,6.0,4.0,2.0
48406,59.769364,7.0,4.0,4.75,5.0,4.0,1.0
9025,76.49547899999999,7.0,8.0,4.75,4.0,3.0,2.0
96793,84.84678,8.0,9.0,5.666666666666667,6.0,3.0,1.0
139679,108.176887,8.0,6.0,5.333333333333333,5.0,5.0,2.0
139355,88.00123099999999,7.0,3.0,5.333333333333333,5.0,5.0,1.0
159950,90.61604899999999,9.0,2.0,5.0,5.0,5.0,1.0
52752,85.14339199999999,10.0,3.0,5.0,5.0,5.0,1.0
100359,113.986828,11.0,12.0,5.25,5.0,3.0,2.0
36307,100.384552,10.0,4.0,6.5,5.0,5.0,1.0
24020,93.672255,7.0,10.0,4.8,5.0,3.0,2.0
108222,83.93161400000001,10.0,4.0,5.5,6.0,4.0,1.0
24722,75.78980499999999,7.0,10.0,4.8,5.0,3.0,2.0
100489,109.92559399999999,8.0,1.0,5.0,5.0,5.0,1.0
95462,92.42569,15.0,4.0,5.0,5.0,5.0,1.0
34116,77.919618,8.0,8.0,5.25,6.0,3.0,2.0
109329,75.557456,9.0,8.0,5.0,5.0,5.0,2.0
66639,91.536715,10.0,3.0,3.6666666666666665,3.0,3.0,3.0
56975,117.435877,10.0,26.0,6.538461538461538,7.0,3.0,4.0
59102,27.129067000000003,4.0,1.0,3.0,3.0,3.0,1.0
60553,41.503588,4.0,3.0,4.333333333333333,5.0,3.0,1.0
23839,152.063766,11.0,10.0,4.5,5.0,3.0,3.0
106430,104.806557,13.0,10.0,5.9,6.0,5.0,2.0
34934,67.722732,6.0,4.0,3.75,4.0,3.0,1.0
70507,104.56293600000001,12.0,1.0,5.0,5.0,5.0,1.0
22997,90.34720999999999,7.0,4.0,5.0,5.0,5.0,2.0
26432,113.662023,9.0,6.0,5.333333333333333,6.0,4.0,2.0
108101,75.35374800000001,12.0,2.0,5.0,5.0,5.0,3.0
8863,89.959964,8.0,26.0,5.6923076923076925,6.0,3.0,3.0
69349,122.002521,11.0,4.0,4.5,5.0,4.0,2.0
103450,118.84648899999999,11.0,3.0,5.333333333333333,6.0,4.0,1.0
45360,121.79561,11.0,8.0,4.75,5.0,3.0,2.0
104689,112.27354899999999,12.0,10.0,6.0,6.0,4.0,1.0
60161,58.78870799999999,6.0,2.0,5.0,5.0,5.0,1.0
22195,98.435123,9.0,4.0,4.5,5.0,3.0,1.0
18897,52.294312,7.0,2.0,7.0,7.0,7.0,1.0
142362,62.11305000000001,9.0,6.0,5.333333333333333,5.0,5.0,1.0
143729,80.700934,7.0,10.0,4.8,5.0,3.0,2.0
33843,64.124212,6.0,6.0,5.0,5.0,5.0,2.0
8426,100.657827,7.0,13.0,4.769230769230769,4.0,3.0,2.0
44265,82.38252899999999,10.0,2.0,5.0,5.0,5.0,2.0
137116,112.30054299999999,11.0,8.0,4.875,5.0,3.0,1.0
139478,88.532318,7.0,3.0,5.333333333333333,5.0,5.0,1.0
65989,86.406888,12.0,3.0,6.0,7.0,5.0,1.0
96043,96.264775,8.0,2.0,3.5,3.0,3.0,1.0
32337,38.629989,6.0,2.0,6.0,5.0,5.0,1.0
17531,85.036604,8.0,2.0,4.0,5.0,3.0,1.0
71318,75.76479900000001,6.0,2.0,3.5,4.0,3.0,1.0
33784,79.81131800000001,8.0,10.0,5.8,5.0,4.0,1.0
45208,119.381947,11.0,5.0,5.8,5.0,5.0,1.0
40195,58.550893,10.0,17.0,4.705882352941177,5.0,3.0,2.0
55082,62.221529999999994,8.0,4.0,4.75,5.0,4.0,1.0
22152,123.764806,10.0,15.0,5.066666666666666,5.0,3.0,3.0
45547,50.510657,7.0,6.0,4.166666666666667,3.0,3.0,2.0
42374,93.50642200000001,10.0,4.0,5.0,5.0,5.0,2.0
107088,91.927994,10.0,3.0,3.6666666666666665,4.0,3.0,1.0
97609,104.36288700000001,9.0,4.0,5.0,5.0,4.0,1.0
51453,98.336491,11.0,1.0,5.0,5.0,5.0,1.0
140809,78.063047,11.0,4.0,4.75,5.0,4.0,1.0
7689,81.44454400000001,8.0,5.0,4.8,5.0,4.0,1.0
67233,74.93961200000001,9.0,9.0,5.333333333333333,5.0,5.0,3.0
107021,134.179157,11.0,12.0,5.5,6.0,3.0,1.0
27471,100.842544,8.0,15.0,5.133333333333334,5.0,4.0,3.0
11496,91.81649999999999,9.0,10.0,4.7,6.0,3.0,2.0
40995,30.567536999999998,4.0,1.0,5.0,5.0,5.0,1.0
152853,72.149779,7.0,3.0,6.0,6.0,6.0,1.0
56108,124.38244899999997,9.0,4.0,4.75,5.0,3.0,1.0
38608,82.823853,7.0,4.0,4.0,4.0,3.0,2.0
34741,27.822612999999997,4.0,2.0,3.5,3.0,3.0,1.0
11281,100.279464,8.0,6.0,6.0,7.0,5.0,3.0
16028,74.08682200000001,7.0,15.0,4.6,5.0,3.0,3.0
66645,92.577345,10.0,2.0,3.5,4.0,3.0,2.0
39261,114.883721,10.0,3.0,5.666666666666667,6.0,5.0,1.0
97868,80.66491771999999,10.0,10.0,5.2,5.0,5.0,2.0
5299,73.47697099999999,7.0,16.0,4.625,5.0,3.0,2.0
45148,94.591723,9.0,1.0,5.0,5.0,5.0,1.0
100640,103.746046,10.0,21.0,5.333333333333333,6.0,3.0,2.0
100451,109.53464000000001,8.0,1.0,5.0,5.0,5.0,1.0
60778,85.77180799999998,6.0,3.0,3.6666666666666665,4.0,3.0,3.0
106340,84.58045,11.0,4.0,6.0,6.0,5.0,1.0
32222,100.38458000000001,9.0,1.0,4.0,4.0,4.0,1.0
29714,68.515586,10.0,2.0,5.0,5.0,5.0,1.0
6742,93.965304,9.0,26.0,6.1923076923076925,6.0,4.0,4.0
97416,96.313428,13.0,6.0,5.166666666666667,5.0,5.0,1.0
65603,88.64028899999998,6.0,6.0,5.0,4.0,4.0,1.0
46525,106.40827,12.0,15.0,5.2,5.0,5.0,3.0
66820,39.191348999999995,6.0,2.0,3.0,3.0,3.0,1.0
108780,110.61202099999998,12.0,1.0,6.0,6.0,6.0,1.0
100310,87.00736400000001,9.0,6.0,5.0,5.0,4.0,2.0
50772,78.907652,7.0,5.0,4.0,4.0,3.0,3.0
139757,88.520168,7.0,3.0,5.333333333333333,5.0,5.0,1.0
25302,74.08974500000001,8.0,2.0,5.0,5.0,5.0,2.0
67608,70.73490799999999,7.0,5.0,5.2,5.0,5.0,1.0
99295,74.47179799999999,12.0,5.0,5.0,5.0,4.0,1.0
5542,38.613686,5.0,2.0,5.5,5.0,5.0,1.0
10740,67.26509200000001,6.0,2.0,4.0,4.0,4.0,1.0
143921,81.00359999999999,7.0,10.0,4.8,5.0,3.0,2.0
49246,122.612418,10.0,5.0,5.4,5.0,5.0,1.0
44243,77.285503,7.0,4.0,5.25,5.0,5.0,1.0
43895,135.706179,9.0,3.0,3.6666666666666665,4.0,3.0,1.0
70558,85.041873,9.0,4.0,5.75,6.0,5.0,1.0
33990,61.727589,6.0,8.0,5.0,5.0,5.0,2.0
34158,77.646932,8.0,5.0,4.6,5.0,4.0,1.0
4969,82.869758,8.0,15.0,5.066666666666666,6.0,3.0,3.0
105741,141.69800999999998,14.0,4.0,5.0,5.0,5.0,2.0
6226,64.569709,8.0,5.0,5.2,6.0,3.0,1.0
97859,81.27810200000002,10.0,6.0,5.0,5.0,5.0,2.0
42387,94.731798,10.0,10.0,5.6,5.0,5.0,2.0
64460,83.77271999999998,9.0,1.0,3.0,3.0,3.0,3.0
135588,151.382574,9.0,9.0,5.333333333333333,5.0,5.0,1.0
13126,90.209003,7.0,6.0,5.0,5.0,4.0,2.0
24402,114.39203400000001,11.0,4.0,5.0,5.0,5.0,2.0
49611,85.784356,9.0,12.0,5.0,5.0,3.0,2.0
23708,67.84920600000001,7.0,5.0,5.2,5.0,5.0,1.0
108689,81.28532699999998,8.0,2.0,3.0,3.0,3.0,1.0
109558,97.592996,9.0,6.0,4.833333333333333,5.0,4.0,3.0
36235,99.04903199999997,8.0,6.0,4.0,5.0,3.0,3.0
14590,113.218554,10.0,6.0,4.333333333333333,5.0,3.0,1.0
50777,59.536958000000006,8.0,4.0,5.0,5.0,5.0,2.0
24064,94.94289500000001,10.0,5.0,5.2,5.0,5.0,1.0
21728,85.31339200000001,14.0,6.0,4.333333333333333,5.0,3.0,1.0
10677,87.43767299999999,11.0,11.0,5.181818181818182,6.0,3.0,1.0
136943,78.208669,8.0,6.0,6.0,6.0,5.0,1.0
99512,86.87766599999999,8.0,2.0,5.0,5.0,5.0,2.0
67846,50.618596000000004,5.0,3.0,3.6666666666666665,4.0,3.0,1.0
31485,57.304719,9.0,3.0,5.333333333333333,5.0,5.0,1.0
73704,90.42112399999999,8.0,6.0,5.333333333333333,5.0,5.0,1.0
147980,97.95627499999999,13.0,10.0,5.7,6.0,5.0,2.0
32102,80.70726,8.0,4.0,4.25,5.0,3.0,1.0
26668,76.66084500000001,7.0,5.0,5.2,5.0,5.0,1.0
71444,65.218389,6.0,2.0,5.0,5.0,5.0,2.0
53733,112.905606,9.0,10.0,5.5,5.0,5.0,1.0
60097,58.204083,6.0,3.0,5.0,5.0,5.0,3.0
51407,97.02479100000001,10.0,2.0,4.0,3.0,3.0,2.0
67408,125.69506700000001,9.0,6.0,6.333333333333333,7.0,5.0,1.0
12538,89.27501099999999,9.0,5.0,5.0,6.0,3.0,1.0
15935,74.499093,7.0,10.0,5.0,5.0,4.0,2.0
108808,111.01057399999999,12.0,1.0,6.0,6.0,6.0,1.0
57251,128.369606,10.0,12.0,5.083333333333333,5.0,3.0,1.0
21191,114.10027999999998,9.0,13.0,4.538461538461538,5.0,3.0,3.0
33346,40.02597,4.0,1.0,5.0,5.0,5.0,1.0
19168,84.041757,10.0,1.0,5.0,5.0,5.0,1.0
27223,94.923469,8.0,8.0,5.25,5.0,4.0,1.0
65538,33.330487000000005,5.0,1.0,3.0,3.0,3.0,1.0
39315,110.96501900000001,8.0,22.0,5.454545454545454,6.0,3.0,2.0
57885,79.497516,8.0,4.0,4.25,5.0,3.0,1.0
132563,113.00640700000001,12.0,15.0,5.133333333333334,5.0,3.0,2.0
30791,113.413875,11.0,3.0,5.0,5.0,5.0,1.0
52561,95.396168,8.0,16.0,5.375,5.0,3.0,2.0
46048,54.016286,7.0,4.0,4.75,5.0,4.0,1.0
95887,90.517267,12.0,12.0,6.833333333333333,7.0,5.0,3.0
60166,28.532861999999998,3.0,1.0,3.0,3.0,3.0,1.0
19019,128.819798,15.0,15.0,4.466666666666667,4.0,3.0,4.0
60350,58.83166,6.0,3.0,5.0,5.0,5.0,1.0
13882,77.107313,7.0,6.0,4.666666666666667,6.0,3.0,2.0
27314,116.37641299999999,10.0,2.0,3.5,4.0,3.0,1.0
7200,85.067167,7.0,4.0,5.5,6.0,5.0,2.0
100785,90.913111,9.0,4.0,5.25,5.0,5.0,1.0
27556,59.527228000000015,8.0,12.0,5.0,5.0,3.0,2.0
36372,117.11543100000002,10.0,1.0,5.0,5.0,5.0,1.0
34104,77.351785,8.0,5.0,4.6,5.0,4.0,1.0
13324,91.45859200000001,9.0,8.0,4.5,6.0,3.0,2.0
38977,93.76572599999999,9.0,3.0,5.0,6.0,3.0,3.0
106718,80.212197,9.0,4.0,5.25,5.0,5.0,1.0
36322,64.718406,8.0,3.0,5.666666666666667,6.0,5.0,1.0
153522,92.15248199999999,11.0,12.0,5.333333333333333,5.0,3.0,2.0
37582,70.31006099999999,7.0,8.0,4.75,6.0,3.0,2.0
7319,84.51816400000001,7.0,4.0,5.5,6.0,5.0,2.0
146915,81.68519200000001,9.0,12.0,5.333333333333333,5.0,5.0,2.0
138695,88.42771199999999,10.0,8.0,5.25,5.0,5.0,1.0
70631,63.155521,8.0,3.0,5.0,5.0,5.0,1.0
57424,129.43129699999997,13.0,15.0,5.733333333333333,6.0,3.0,3.0
95095,59.02091,8.0,3.0,4.666666666666667,5.0,4.0,1.0
106521,125.14642800000001,14.0,12.0,5.833333333333333,6.0,5.0,2.0
30215,83.082363,9.0,10.0,4.5,5.0,3.0,2.0
134431,97.326315,11.0,5.0,5.0,5.0,4.0,1.0
49697,75.82817700000001,9.0,5.0,4.8,5.0,4.0,1.0
34539,145.550984,13.0,2.0,3.0,3.0,3.0,1.0
97187,77.126747,12.0,6.0,5.333333333333333,6.0,4.0,2.0
65655,107.412219,8.0,2.0,4.5,5.0,4.0,1.0
18006,102.17128199999999,8.0,4.0,5.75,6.0,4.0,1.0
22633,141.920324,13.0,24.0,6.083333333333333,7.0,4.0,3.0
28403,105.50375700000002,12.0,6.0,5.333333333333333,5.0,5.0,3.0
70566,70.68508200000001,7.0,11.0,5.818181818181818,6.0,3.0,2.0
68743,91.586922,8.0,2.0,5.0,5.0,5.0,1.0
17339,78.10195800000001,8.0,6.0,4.666666666666667,5.0,3.0,2.0
15933,73.144822,7.0,10.0,5.0,5.0,4.0,2.0
51432,50.686572,5.0,3.0,3.6666666666666665,3.0,3.0,1.0
53585,69.54990300000001,6.0,1.0,4.0,4.0,4.0,1.0
157836,94.007638,8.0,3.0,6.333333333333333,7.0,5.0,1.0
39404,71.60307300000001,7.0,6.0,5.333333333333333,5.0,5.0,2.0
24479,84.44710300000001,10.0,5.0,5.4,5.0,5.0,1.0
104498,115.25766499999999,12.0,5.0,5.4,5.0,5.0,1.0
71357,93.21025,9.0,3.0,5.0,5.0,5.0,1.0
93141,69.59923400000001,6.0,3.0,5.333333333333333,5.0,5.0,3.0
24369,138.15364300000002,10.0,2.0,3.5,4.0,3.0,1.0
56982,85.765679,10.0,6.0,5.333333333333333,5.0,5.0,1.0
106938,109.79829100000002,11.0,4.0,4.0,4.0,3.0,2.0
16228,183.05181799999997,14.0,74.0,8.337837837837839,7.0,3.0,2.0
48728,41.571073,7.0,1.0,5.0,5.0,5.0,1.0
33099,44.367114,4.0,4.0,3.5,3.0,3.0,2.0
49652,65.172171,6.0,3.0,5.333333333333333,5.0,5.0,1.0
69712,61.55072200000001,6.0,4.0,5.25,5.0,5.0,1.0
36385,121.56748400000001,9.0,1.0,5.0,5.0,5.0,1.0
109575,111.69585199999999,9.0,6.0,5.0,5.0,4.0,2.0
157753,104.573872,7.0,2.0,6.0,7.0,5.0,1.0
107213,117.57224099999999,11.0,16.0,4.75,4.0,3.0,2.0
71395,93.106337,9.0,1.0,5.0,5.0,5.0,1.0
34173,77.80783100000001,8.0,5.0,4.6,5.0,4.0,1.0
10890,95.327111,10.0,8.0,5.5,5.0,4.0,2.0
13277,112.610602,10.0,18.0,4.722222222222222,5.0,3.0,3.0
20514,77.50952500000001,8.0,1.0,3.0,3.0,3.0,1.0
108253,72.320894,9.0,4.0,5.0,5.0,4.0,2.0
97408,96.30074499999999,13.0,6.0,5.166666666666667,5.0,5.0,1.0
16821,74.06100099999999,9.0,2.0,5.0,5.0,5.0,1.0
60782,85.67920600000001,10.0,15.0,5.4,6.0,3.0,2.0
148495,74.80665300000001,7.0,10.0,5.2,5.0,5.0,2.0
66803,81.203659,7.0,18.0,4.777777777777778,5.0,3.0,2.0
107058,112.01123700000001,11.0,8.0,4.375,4.0,3.0,1.0
52291,105.690324,12.0,9.0,5.333333333333333,5.0,5.0,3.0
24099,105.04114600000001,9.0,4.0,5.25,5.0,5.0,1.0
38258,40.82932100000001,6.0,3.0,3.6666666666666665,4.0,3.0,1.0
95035,71.02472300000001,9.0,4.0,5.25,5.0,5.0,1.0
66220,89.42226699999999,10.0,1.0,5.0,5.0,5.0,1.0
13203,130.139069,9.0,18.0,7.166666666666667,8.0,5.0,2.0
70673,83.81875799999999,7.0,18.0,5.222222222222222,5.0,3.0,2.0
10960,66.14088400000001,6.0,3.0,5.333333333333333,5.0,5.0,1.0
33418,62.786168999999994,6.0,6.0,4.333333333333333,5.0,3.0,1.0
101331,102.06618399999999,11.0,6.0,5.0,5.0,4.0,2.0
108004,59.225061000000004,9.0,3.0,4.666666666666667,5.0,4.0,1.0
50747,61.317696999999995,6.0,3.0,5.333333333333333,5.0,5.0,1.0
28982,68.965666,7.0,5.0,5.4,6.0,4.0,1.0
134750,93.948637,10.0,7.0,5.571428571428571,6.0,3.0,1.0
28780,58.902665000000006,7.0,2.0,6.0,6.0,6.0,1.0
9400,117.55598,12.0,4.0,5.25,5.0,5.0,1.0
36464,63.24802900000001,7.0,6.0,4.666666666666667,5.0,3.0,1.0
59649,65.474306,5.0,6.0,4.333333333333333,5.0,3.0,2.0
97254,41.987518,6.0,1.0,5.0,5.0,5.0,1.0
32049,37.857427,7.0,4.0,4.5,6.0,3.0,2.0
66735,82.96199600000001,8.0,4.0,4.25,5.0,3.0,2.0
108250,71.181775,9.0,4.0,5.0,5.0,4.0,2.0
142835,114.73503499999998,9.0,30.0,5.8,6.0,3.0,3.0
100278,88.058271,9.0,4.0,5.5,6.0,5.0,1.0
109189,74.552316,12.0,4.0,5.0,5.0,5.0,2.0
65788,113.340375,9.0,11.0,6.2727272727272725,7.0,3.0,1.0
32350,37.453607999999996,3.0,1.0,5.0,5.0,5.0,1.0
70407,138.37493500000002,14.0,2.0,5.0,5.0,5.0,1.0
52674,63.680148,6.0,6.0,5.0,5.0,5.0,3.0
33401,40.395767,6.0,3.0,3.6666666666666665,4.0,3.0,1.0
36103,98.428598,9.0,1.0,4.0,4.0,4.0,3.0
8836,58.97138499999999,7.0,1.0,5.0,5.0,5.0,1.0
109327,74.413581,9.0,8.0,5.0,5.0,5.0,2.0
42251,108.42708499999999,11.0,10.0,5.1,5.0,4.0,1.0
14463,77.565687,7.0,11.0,5.181818181818182,6.0,3.0,2.0
28835,82.358464,8.0,2.0,5.0,5.0,5.0,2.0
139607,88.45370799999999,7.0,3.0,5.333333333333333,5.0,5.0,1.0
18914,80.69031,9.0,4.0,4.0,4.0,3.0,2.0
53655,110.849702,9.0,18.0,5.277777777777778,5.0,3.0,2.0
21104,90.35074399999998,6.0,4.0,5.0,5.0,5.0,2.0
42908,109.316164,13.0,15.0,5.533333333333333,6.0,3.0,1.0
95464,52.492637,9.0,4.0,5.0,5.0,4.0,2.0
30186,82.186245,9.0,10.0,4.5,5.0,3.0,2.0
139325,109.38451599999999,8.0,6.0,5.333333333333333,5.0,5.0,2.0
41778,98.436457,12.0,11.0,5.7272727272727275,5.0,5.0,1.0
136685,82.57203100000001,10.0,10.0,5.0,5.0,3.0,2.0
141626,143.232536,11.0,5.0,4.4,5.0,3.0,2.0
143851,93.23299399999999,11.0,10.0,5.2,5.0,3.0,2.0
18125,94.42475400000001,10.0,4.0,4.5,5.0,3.0,2.0
13318,92.12506900000001,11.0,5.0,4.2,5.0,3.0,1.0
55910,94.753845,14.0,12.0,4.833333333333333,5.0,3.0,2.0
102757,87.060006,8.0,3.0,5.333333333333333,4.0,4.0,1.0
71314,93.251835,8.0,4.0,4.25,5.0,3.0,2.0
42521,101.63012800000001,10.0,6.0,3.8333333333333335,4.0,3.0,2.0
135624,141.665413,9.0,9.0,5.333333333333333,5.0,5.0,1.0
10690,86.81307699999999,11.0,11.0,5.181818181818182,6.0,3.0,1.0
97140,39.338252,5.0,3.0,5.0,5.0,5.0,1.0
108913,110.201091,11.0,1.0,5.0,5.0,5.0,1.0
30584,97.549105,10.0,4.0,4.0,4.0,3.0,2.0
143253,88.090469,9.0,4.0,5.0,4.0,4.0,2.0
108043,33.27279599999999,6.0,3.0,5.666666666666667,6.0,5.0,1.0
65661,107.33117600000001,8.0,2.0,4.5,5.0,4.0,1.0
12150,136.121127,10.0,9.0,5.0,5.0,3.0,3.0
37034,164.6962,13.0,16.0,5.5,6.0,4.0,1.0
39040,110.281897,13.0,8.0,5.25,6.0,4.0,1.0
27476,55.43136499999999,6.0,4.0,5.0,5.0,5.0,1.0
34129,77.694411,8.0,5.0,4.6,5.0,4.0,1.0
66713,58.906236,6.0,4.0,5.25,5.0,5.0,1.0
134549,124.03468400000001,11.0,7.0,5.0,5.0,4.0,1.0
109553,107.445448,8.0,9.0,5.333333333333333,5.0,4.0,3.0
106493,80.070471,9.0,4.0,4.75,5.0,4.0,1.0
99371,86.91364499999999,16.0,5.0,4.6,5.0,3.0,3.0
11259,100.948781,8.0,12.0,5.833333333333333,6.0,5.0,3.0
26896,111.02613399999998,11.0,9.0,4.888888888888889,5.0,4.0,3.0
20925,85.182038,7.0,8.0,4.75,5.0,4.0,2.0
12626,52.560733000000006,5.0,2.0,5.0,5.0,5.0,1.0
44892,77.887871,7.0,3.0,4.0,5.0,3.0,2.0
44608,64.94313199999999,7.0,6.0,5.833333333333333,6.0,5.0,1.0
38854,91.1555,7.0,4.0,4.25,5.0,3.0,1.0
12668,88.19625099999999,7.0,21.0,5.380952380952381,6.0,3.0,2.0
107218,112.02862499999999,11.0,8.0,4.375,4.0,3.0,1.0
44783,65.1748,8.0,5.0,4.6,5.0,4.0,1.0
50490,87.620168,10.0,10.0,5.4,5.0,3.0,1.0
56599,125.79486700000001,14.0,18.0,5.166666666666667,5.0,5.0,3.0
55584,96.122832,8.0,5.0,5.2,5.0,5.0,1.0
42494,81.863693,8.0,8.0,4.75,5.0,3.0,2.0
65667,65.510288,8.0,4.0,5.0,5.0,5.0,2.0
48153,51.441638,5.0,1.0,3.0,3.0,3.0,1.0
41510,136.847058,8.0,1.0,5.0,5.0,5.0,1.0
140681,76.965711,9.0,4.0,4.75,5.0,4.0,1.0
22887,108.899993,10.0,9.0,6.0,6.0,5.0,1.0
108200,73.066664,9.0,2.0,4.5,4.0,4.0,2.0
100270,87.19555,9.0,4.0,5.5,6.0,5.0,1.0
18138,66.807345,7.0,8.0,5.25,5.0,5.0,2.0
99612,85.067207,10.0,13.0,5.384615384615385,6.0,4.0,2.0
14096,103.548002,10.0,10.0,5.7,5.0,5.0,1.0
13298,52.714189,5.0,4.0,4.0,4.0,3.0,1.0
30153,91.152337,8.0,6.0,5.333333333333333,5.0,5.0,1.0
12633,88.186903,7.0,21.0,5.380952380952381,6.0,3.0,2.0
10781,127.74245100000003,11.0,2.0,4.0,4.0,4.0,1.0
42897,121.02281099999999,12.0,8.0,4.25,4.0,3.0,2.0
108147,96.783476,10.0,15.0,4.933333333333334,5.0,3.0,3.0
69594,95.81851700000001,7.0,3.0,5.666666666666667,4.0,4.0,1.0
23935,105.04524899999998,9.0,14.0,4.785714285714286,5.0,4.0,2.0
16735,92.340982,10.0,2.0,5.0,5.0,5.0,1.0
59617,40.56705899999999,5.0,3.0,4.0,3.0,3.0,3.0
94759,79.443902,8.0,6.0,5.0,4.0,4.0,1.0
130508,96.912644,11.0,4.0,5.75,5.0,5.0,1.0
42540,75.916686,9.0,4.0,5.75,7.0,4.0,1.0
40039,74.912739,6.0,4.0,3.75,4.0,3.0,1.0
108308,76.116072,12.0,2.0,5.0,5.0,5.0,1.0
51355,44.461912000000005,9.0,4.0,5.0,5.0,5.0,2.0
22721,106.989259,8.0,4.0,5.25,5.0,5.0,1.0
19729,156.65894600000001,15.0,15.0,6.466666666666667,7.0,5.0,1.0
43854,103.696693,9.0,6.0,5.5,5.0,5.0,1.0
10868,93.720613,9.0,22.0,5.136363636363637,5.0,3.0,2.0
9426,117.94088400000001,12.0,4.0,5.25,5.0,5.0,1.0
32406,46.73807399999998,5.0,3.0,4.666666666666667,5.0,4.0,1.0
95377,71.381005,12.0,4.0,5.25,5.0,5.0,1.0
33325,69.91843200000001,6.0,4.0,4.75,5.0,4.0,1.0
13073,105.03559099999998,8.0,20.0,4.8,5.0,3.0,4.0
30991,95.158914,9.0,2.0,5.0,5.0,5.0,2.0
106780,84.29842000000001,11.0,4.0,5.75,6.0,5.0,1.0
16992,72.930198,8.0,2.0,5.0,5.0,5.0,2.0
27169,103.81102299999999,10.0,4.0,5.0,5.0,4.0,2.0
70592,90.070757,7.0,4.0,3.75,3.0,3.0,1.0
15984,76.664482,8.0,5.0,5.0,5.0,4.0,1.0
69565,97.50803699999999,8.0,0.0,0.0,0.0,0.0,2.0
135463,79.233221,8.0,4.0,5.25,5.0,5.0,1.0
95411,92.119432,9.0,3.0,5.0,5.0,5.0,1.0
8624,101.36498699999999,8.0,3.0,5.0,5.0,5.0,1.0
24665,99.531812,8.0,4.0,4.5,5.0,4.0,2.0
141838,143.333086,11.0,5.0,4.4,5.0,3.0,2.0
70150,86.281188,7.0,3.0,4.666666666666667,5.0,4.0,1.0
5565,69.18932500000001,6.0,5.0,4.0,3.0,3.0,2.0
45823,105.180177,10.0,8.0,6.0,6.0,5.0,2.0
147233,134.507119,13.0,1.0,4.0,4.0,4.0,1.0
64118,85.55423000000002,7.0,15.0,4.933333333333334,5.0,3.0,3.0
97837,66.296766,7.0,1.0,5.0,5.0,5.0,1.0
15973,104.94405400000001,10.0,12.0,5.25,5.0,5.0,3.0
70035,99.69661400000001,8.0,2.0,5.0,5.0,5.0,2.0
14016,88.959939,8.0,8.0,6.0,6.0,5.0,2.0
41229,149.72250599999998,14.0,2.0,3.5,4.0,3.0,1.0
94408,94.42498800000001,11.0,10.0,4.3,3.0,3.0,2.0
97528,70.50848,9.0,6.0,6.0,7.0,5.0,2.0
22707,102.126954,7.0,12.0,4.833333333333333,5.0,3.0,2.0
14506,82.99058099999999,13.0,3.0,5.666666666666667,4.0,4.0,3.0
13296,91.526468,11.0,8.0,5.0,7.0,3.0,2.0
25387,65.509446,8.0,4.0,5.0,5.0,4.0,1.0
52711,108.803248,10.0,18.0,4.833333333333333,5.0,3.0,3.0
64191,35.724483,5.0,4.0,5.0,5.0,5.0,2.0
25196,53.24026599999999,5.0,4.0,5.0,5.0,5.0,2.0
39620,69.44975299999999,10.0,3.0,5.0,5.0,5.0,1.0
108740,125.31173300000002,12.0,4.0,4.75,5.0,4.0,1.0
47005,109.463655,13.0,2.0,5.0,5.0,5.0,1.0
66790,71.812665,9.0,5.0,4.8,5.0,4.0,1.0
19199,57.947261,7.0,1.0,3.0,3.0,3.0,3.0
10718,107.17666100000001,11.0,10.0,5.2,5.0,5.0,2.0
106664,80.324169,9.0,4.0,5.25,5.0,5.0,1.0
53742,112.90415599999999,9.0,10.0,5.5,5.0,5.0,1.0
58613,96.39302,7.0,14.0,4.285714285714286,5.0,3.0,2.0
55615,69.38870399999999,10.0,2.0,3.5,4.0,3.0,1.0
142502,80.190369,7.0,1.0,5.0,5.0,5.0,1.0
30310,83.140972,9.0,10.0,4.5,5.0,3.0,2.0
67378,123.260152,9.0,6.0,4.833333333333333,5.0,4.0,1.0
66188,55.565423,10.0,9.0,4.888888888888889,5.0,4.0,1.0
51536,61.46046,7.0,14.0,5.0,6.0,3.0,4.0
109249,81.155327,16.0,5.0,5.0,5.0,4.0,1.0
60789,85.45829,10.0,15.0,5.533333333333333,6.0,4.0,2.0
60379,59.500769999999996,6.0,3.0,5.0,5.0,5.0,1.0
22971,101.72224,8.0,7.0,5.142857142857143,5.0,5.0,1.0
65415,94.83317199999995,10.0,6.0,5.0,5.0,5.0,2.0
13743,82.105902,8.0,4.0,4.75,5.0,4.0,1.0
36261,77.64408999999999,8.0,5.0,5.0,5.0,4.0,1.0
35792,65.508222,7.0,2.0,5.0,5.0,5.0,1.0
20339,80.263561,7.0,10.0,4.8,5.0,3.0,2.0
109539,79.98995599999999,8.0,19.0,5.157894736842105,4.0,3.0,2.0
26648,84.499027,8.0,10.0,5.2,5.0,5.0,2.0
48548,125.60470600000001,9.0,2.0,5.0,5.0,5.0,2.0
95060,86.866831,10.0,8.0,5.375,5.0,5.0,1.0
30138,87.492665,7.0,3.0,3.6666666666666665,4.0,3.0,1.0
22210,111.12373900000001,9.0,2.0,3.5,4.0,3.0,1.0
57010,63.71847100000001,7.0,8.0,5.0,5.0,4.0,2.0
96378,85.00631999999999,12.0,3.0,4.666666666666667,5.0,4.0,1.0
42755,89.00828899999999,8.0,12.0,4.833333333333333,6.0,3.0,2.0
29922,79.65777899999999,8.0,6.0,5.333333333333333,5.0,5.0,1.0
96120,74.08600799999999,9.0,4.0,5.25,5.0,5.0,1.0
105957,137.846569,13.0,4.0,5.0,5.0,5.0,2.0
14111,103.520553,10.0,6.0,5.666666666666667,5.0,5.0,1.0
93151,73.710834,7.0,4.0,4.75,5.0,3.0,1.0
70861,49.949808999999995,4.0,2.0,3.0,3.0,3.0,1.0
21906,100.682711,8.0,15.0,4.866666666666666,5.0,3.0,3.0
24803,85.686133,9.0,12.0,5.0,5.0,3.0,2.0
60452,58.483838,6.0,3.0,5.0,5.0,5.0,3.0
10335,65.706789,6.0,3.0,5.0,5.0,5.0,1.0
22238,92.162425,7.0,4.0,5.0,3.0,3.0,1.0
50943,71.211261,8.0,8.0,5.0,5.0,4.0,2.0
13287,92.080943,9.0,6.0,5.333333333333333,5.0,5.0,1.0
43748,71.03550899999999,10.0,7.0,5.0,5.0,4.0,1.0
40826,45.019354,7.0,1.0,5.0,5.0,5.0,1.0
9369,84.231953,6.0,4.0,3.75,3.0,3.0,1.0
69849,41.75217599999999,6.0,1.0,4.0,4.0,4.0,1.0
93166,53.186820000000004,5.0,4.0,5.0,5.0,5.0,2.0
63439,70.22058499999999,7.0,2.0,5.0,5.0,5.0,2.0
41331,58.385098,7.0,4.0,5.5,6.0,5.0,2.0
67017,52.163322,5.0,4.0,4.5,5.0,3.0,1.0
41806,100.23971499999999,9.0,8.0,5.0,5.0,3.0,2.0
65920,54.843264,6.0,4.0,4.5,6.0,3.0,2.0
101364,42.508607999999995,5.0,1.0,4.0,4.0,4.0,1.0
68538,65.446962,5.0,2.0,4.0,4.0,4.0,1.0
11242,85.133518,7.0,2.0,5.0,5.0,5.0,1.0
107956,71.822483,10.0,3.0,5.0,5.0,5.0,1.0
57594,101.729074,11.0,10.0,4.8,5.0,3.0,2.0
19174,75.249725,8.0,4.0,5.5,6.0,5.0,2.0
18958,186.455377,12.0,4.0,4.75,5.0,4.0,2.0
109563,95.715861,8.0,8.0,4.75,5.0,4.0,4.0
29950,86.62449199999999,7.0,6.0,4.333333333333333,5.0,3.0,3.0
43563,52.676886,6.0,2.0,3.5,4.0,3.0,1.0
19218,85.557684,8.0,16.0,5.4375,5.0,4.0,2.0
100347,89.56481819999999,9.0,6.0,5.0,5.0,4.0,2.0
51060,100.722841,10.0,3.0,5.0,5.0,5.0,1.0
155263,55.46905399999999,8.0,6.0,5.166666666666667,5.0,4.0,1.0
71261,51.202612,6.0,6.0,4.0,3.0,3.0,2.0
100916,84.197081,8.0,1.0,5.0,5.0,5.0,1.0
108302,75.244379,12.0,2.0,5.0,5.0,5.0,1.0
50564,98.22223600000001,9.0,2.0,4.0,5.0,3.0,1.0
11222,103.04202199999999,9.0,1.0,5.0,5.0,5.0,1.0
60566,82.716162,10.0,4.0,6.0,6.0,6.0,1.0
40109,74.26944300000002,12.0,13.0,6.153846153846154,6.0,5.0,1.0
20836,65.358325,7.0,5.0,5.2,5.0,5.0,1.0
29319,101.431783,9.0,4.0,4.25,4.0,4.0,2.0
21737,84.92571520000001,14.0,6.0,4.333333333333333,5.0,3.0,1.0
8569,100.380533,10.0,2.0,5.0,5.0,5.0,1.0
55586,93.735303,8.0,4.0,5.5,5.0,5.0,2.0
65512,98.447584,8.0,9.0,5.0,5.0,5.0,3.0
53168,67.602579,6.0,3.0,5.0,5.0,5.0,1.0
13308,91.718234,10.0,8.0,4.5,6.0,3.0,2.0
10156,111.93882399999998,9.0,3.0,5.0,5.0,5.0,1.0
101935,57.232429999999994,12.0,4.0,5.25,5.0,5.0,1.0
12421,69.08073799999998,7.0,1.0,6.0,6.0,6.0,1.0
157831,110.236958,8.0,2.0,5.0,5.0,5.0,1.0
11691,123.163402,9.0,2.0,4.0,3.0,3.0,1.0
17343,67.71885599999999,6.0,4.0,5.0,5.0,5.0,2.0
12990,79.362436,10.0,9.0,5.111111111111111,5.0,4.0,1.0
96114,71.891965,9.0,2.0,5.0,5.0,5.0,1.0
13122,88.64305399999999,7.0,8.0,4.75,5.0,3.0,2.0
62042,70.886307,5.0,3.0,4.0,4.0,3.0,1.0
67490,74.86285199999999,6.0,4.0,4.5,4.0,4.0,1.0
39037,104.44835200000001,11.0,8.0,7.125,7.0,4.0,1.0
13307,91.90545,10.0,5.0,4.6,6.0,3.0,1.0
7052,76.402063,8.0,6.0,5.833333333333333,6.0,5.0,3.0
8844,103.721292,9.0,4.0,6.25,5.0,5.0,1.0
135513,79.193745,8.0,4.0,5.25,5.0,5.0,1.0
55601,69.467142,10.0,2.0,3.5,3.0,3.0,2.0
44157,85.48732199999999,10.0,3.0,5.0,5.0,5.0,1.0
97262,80.77803399999999,7.0,12.0,5.5,6.0,4.0,1.0
28986,59.317417999999996,7.0,3.0,5.666666666666667,6.0,5.0,1.0
93371,113.179488,9.0,24.0,5.166666666666667,6.0,3.0,2.0
139510,108.276922,8.0,6.0,5.333333333333333,5.0,5.0,2.0
48205,126.31182999999999,10.0,10.0,5.1,6.0,3.0,2.0
9631,79.895394,7.0,8.0,5.25,5.0,5.0,2.0
106584,109.156431,13.0,10.0,5.9,6.0,5.0,2.0
36000,99.342372,8.0,2.0,5.0,5.0,5.0,1.0
144175,114.07415400000001,8.0,24.0,5.041666666666667,6.0,3.0,3.0
17973,98.03797800000001,9.0,10.0,6.1,7.0,4.0,1.0
39443,85.236424,7.0,22.0,5.363636363636363,6.0,3.0,2.0
143036,132.573938,13.0,12.0,5.5,5.0,5.0,3.0
109534,87.836857,10.0,2.0,4.5,4.0,4.0,1.0
95415,53.238624,11.0,4.0,5.0,5.0,4.0,2.0
12612,105.79937899999999,8.0,3.0,5.666666666666667,6.0,5.0,1.0
70938,118.190642,11.0,14.0,5.285714285714286,5.0,3.0,2.0
43836,79.291447,8.0,3.0,5.0,5.0,4.0,1.0
107289,91.97421800000001,10.0,3.0,3.6666666666666665,4.0,3.0,1.0
100642,80.644177,8.0,4.0,4.75,5.0,4.0,1.0
10897,107.11888799999998,11.0,12.0,4.833333333333333,5.0,4.0,3.0
143099,88.76984999999999,9.0,7.0,5.714285714285714,5.0,5.0,1.0
20184,98.914807,10.0,4.0,4.25,5.0,3.0,1.0
40897,96.899988,9.0,19.0,5.631578947368421,6.0,4.0,2.0
109282,75.79664,11.0,2.0,5.0,5.0,5.0,1.0
35411,100.908377,11.0,4.0,4.75,5.0,4.0,4.0
25792,95.678167,10.0,3.0,5.0,5.0,5.0,1.0
106675,81.141874,9.0,4.0,5.25,5.0,5.0,1.0
14148,138.85863700000002,9.0,3.0,5.0,5.0,5.0,1.0
8521,101.33890199999999,10.0,2.0,5.0,5.0,5.0,1.0
52500,141.048983,13.0,8.0,5.5,5.0,5.0,1.0
67313,40.425875,7.0,2.0,3.5,4.0,3.0,2.0
140607,77.939926,10.0,10.0,4.8,5.0,3.0,2.0
138453,88.56434800000001,10.0,33.0,5.363636363636363,6.0,3.0,3.0
71308,76.09725399999999,6.0,2.0,3.5,4.0,3.0,1.0
50370,57.599301,10.0,5.0,6.0,5.0,5.0,1.0
52429,90.346513,12.0,3.0,5.0,4.0,4.0,1.0
107295,93.937021,11.0,4.0,5.25,5.0,5.0,1.0
64671,90.94578299999999,10.0,4.0,5.25,5.0,5.0,1.0
109312,90.89696500000001,12.0,20.0,5.1,5.0,3.0,4.0
23103,104.92702,11.0,6.0,5.666666666666667,6.0,4.0,2.0
108142,115.979466,13.0,9.0,5.111111111111111,5.0,5.0,1.0
139360,87.56554399999999,7.0,3.0,5.333333333333333,5.0,5.0,1.0
144002,48.564956,8.0,3.0,3.6666666666666665,4.0,3.0,1.0
109547,79.568336,8.0,19.0,5.157894736842105,4.0,3.0,2.0
18469,70.88754,8.0,2.0,5.0,5.0,5.0,1.0
39231,80.367573,9.0,3.0,5.333333333333333,7.0,4.0,1.0
69419,121.31580399999999,11.0,4.0,4.5,5.0,4.0,2.0
57477,70.779401,6.0,4.0,4.5,5.0,3.0,1.0
57261,81.09537000000002,7.0,2.0,4.0,4.0,4.0,1.0
97348,58.032768999999995,6.0,4.0,4.75,5.0,4.0,1.0
152851,72.364588,7.0,3.0,6.0,6.0,6.0,1.0
61077,65.149274,9.0,6.0,4.833333333333333,6.0,3.0,2.0
60014,64.07355799999999,9.0,4.0,5.0,5.0,5.0,1.0
57892,102.305742,11.0,12.0,4.916666666666667,5.0,3.0,3.0
108750,130.73926,13.0,2.0,6.0,6.0,6.0,2.0
70918,75.47116899999997,8.0,3.0,4.666666666666667,4.0,3.0,3.0
58212,151.885583,16.0,36.0,6.277777777777778,8.0,3.0,3.0
95841,94.269262,9.0,10.0,5.7,5.0,4.0,1.0
21063,101.684697,12.0,18.0,5.055555555555555,5.0,3.0,3.0
101043,79.51066100000001,7.0,4.0,5.5,6.0,5.0,2.0
73735,89.209972,14.0,4.0,4.5,5.0,3.0,2.0
58178,87.490162,9.0,5.0,5.2,5.0,5.0,1.0
48064,95.707752,9.0,6.0,4.666666666666667,5.0,4.0,2.0
21396,96.034031,9.0,1.0,5.0,5.0,5.0,1.0
147685,91.891119,8.0,8.0,5.0,5.0,5.0,4.0
142177,61.294706000000005,9.0,4.0,5.25,5.0,5.0,1.0
100798,35.42151500000001,5.0,2.0,5.0,5.0,5.0,2.0
52162,58.234185000000004,6.0,6.0,5.0,5.0,4.0,1.0
97934,88.246044,9.0,7.0,6.285714285714286,6.0,5.0,1.0
56355,100.905482,11.0,4.0,5.5,6.0,5.0,1.0
109254,76.030347,9.0,4.0,5.0,5.0,5.0,1.0
159320,107.61967899999999,10.0,5.0,4.8,5.0,3.0,1.0
146965,83.85601,9.0,12.0,5.333333333333333,5.0,5.0,2.0
28577,112.24926399999998,10.0,6.0,4.0,3.0,3.0,3.0
154379,77.36624299999998,10.0,10.0,5.3,5.0,4.0,2.0
107052,117.63499499999999,11.0,16.0,4.75,4.0,3.0,2.0
50847,82.396465,9.0,4.0,4.5,5.0,3.0,2.0
41444,92.663853,9.0,8.0,5.0,5.0,5.0,2.0
97494,75.774333,7.0,2.0,4.5,5.0,4.0,1.0
102751,88.236485,8.0,3.0,5.333333333333333,4.0,4.0,1.0
44680,66.48130800000001,8.0,2.0,5.0,5.0,5.0,1.0
32616,86.334599,8.0,5.0,5.2,5.0,5.0,1.0
138819,94.06055099999999,11.0,33.0,5.363636363636363,6.0,3.0,3.0
57592,102.17961899999999,11.0,10.0,4.8,5.0,3.0,2.0
30162,102.779474,8.0,10.0,4.8,4.0,3.0,2.0
67931,69.852424,8.0,16.0,5.1875,5.0,3.0,2.0
27105,69.80350800000001,6.0,3.0,5.0,5.0,5.0,1.0
51402,98.21126000000001,14.0,1.0,3.0,3.0,3.0,5.0
16040,88.244731,8.0,5.0,4.8,5.0,4.0,2.0
29127,136.876146,14.0,8.0,6.25,5.0,5.0,4.0
52534,111.726717,9.0,8.0,5.5,6.0,5.0,1.0
65891,92.55224799999999,8.0,2.0,6.0,6.0,6.0,2.0
97578,84.086527,13.0,2.0,6.0,6.0,6.0,1.0
36382,117.19063000000001,10.0,1.0,5.0,5.0,5.0,1.0
65242,54.40600499999999,7.0,4.0,3.5,3.0,3.0,2.0
43343,47.347218,5.0,1.0,5.0,5.0,5.0,1.0
97668,84.559722,9.0,5.0,5.4,5.0,5.0,1.0
13321,91.25805699999998,12.0,8.0,5.0,7.0,3.0,2.0
7300,85.010095,7.0,8.0,5.25,6.0,4.0,2.0
142515,78.79300199999999,7.0,4.0,4.5,3.0,3.0,2.0
143031,132.549177,13.0,12.0,5.5,5.0,5.0,3.0
55836,73.85614600000001,10.0,4.0,5.25,5.0,5.0,1.0
107953,72.237888,11.0,4.0,5.25,5.0,5.0,1.0
40991,51.28798599999999,6.0,3.0,5.0,5.0,5.0,1.0
11519,91.816495,9.0,16.0,5.125,6.0,3.0,2.0
6172,85.962569,9.0,1.0,4.0,4.0,4.0,1.0
17277,95.95733299999999,12.0,11.0,5.545454545454546,5.0,3.0,2.0
19746,117.54580099999998,13.0,20.0,5.7,6.0,3.0,2.0
9001,91.360676,8.0,7.0,5.285714285714286,6.0,3.0,1.0
59672,84.56317499999999,10.0,7.0,5.857142857142857,5.0,5.0,1.0
10317,112.40710499999999,9.0,5.0,4.6,5.0,3.0,1.0
8393,55.704257999999996,6.0,2.0,4.0,4.0,4.0,2.0
57242,99.56677,7.0,8.0,4.75,5.0,3.0,1.0
60536,119.849936,11.0,4.0,3.25,3.0,3.0,1.0
10703,99.427579,11.0,8.0,7.0,7.0,6.0,1.0
36053,99.891191,9.0,1.0,4.0,4.0,4.0,3.0
144274,105.613867,10.0,7.0,4.428571428571429,5.0,3.0,2.0
38011,115.088144,10.0,6.0,4.333333333333333,5.0,3.0,3.0
30135,67.39560099999998,6.0,10.0,4.8,5.0,3.0,2.0
60396,59.344429999999996,6.0,3.0,5.0,5.0,5.0,3.0
66653,91.495675,10.0,2.0,3.5,4.0,3.0,2.0
143998,48.820059,8.0,3.0,3.6666666666666665,4.0,3.0,1.0
19193,58.503848999999995,9.0,2.0,3.5,4.0,3.0,3.0
15091,83.427047,8.0,4.0,5.0,5.0,5.0,1.0
71595,82.633424,9.0,3.0,6.666666666666667,7.0,6.0,1.0
71356,66.34250699999998,6.0,4.0,5.0,5.0,5.0,2.0
41487,113.834442,11.0,8.0,6.25,7.0,5.0,2.0
60799,85.232405,10.0,15.0,5.4,6.0,3.0,2.0
10656,73.83426399999999,7.0,4.0,5.25,6.0,4.0,1.0
49158,96.774889,11.0,2.0,4.0,5.0,3.0,1.0
109342,84.976287,16.0,6.0,5.333333333333333,5.0,5.0,2.0
95906,88.803922,9.0,15.0,4.933333333333334,6.0,3.0,3.0
41476,113.30094199999999,10.0,2.0,5.0,5.0,5.0,2.0
109311,74.599768,10.0,8.0,5.0,5.0,5.0,2.0
35401,88.65629299999999,8.0,2.0,5.0,5.0,5.0,1.0
45347,120.89702500000001,11.0,16.0,5.0,5.0,3.0,4.0
56061,119.29001099999998,10.0,6.0,5.333333333333333,5.0,5.0,1.0
57886,87.09174799999998,9.0,5.0,5.2,5.0,5.0,1.0
65772,78.938744,8.0,7.0,4.857142857142857,5.0,3.0,1.0
153528,76.51254399999999,9.0,6.0,4.333333333333333,5.0,3.0,2.0
33035,56.535121999999994,5.0,3.0,4.0,4.0,4.0,1.0
28123,102.354783,10.0,6.0,5.166666666666667,5.0,4.0,2.0
55865,73.113881,9.0,5.0,5.2,5.0,5.0,1.0
56122,141.97008,9.0,8.0,4.625,5.0,3.0,4.0
59798,103.92175,7.0,4.0,4.0,4.0,3.0,1.0
100403,84.505639,9.0,4.0,5.5,6.0,5.0,1.0
10876,68.955443,9.0,7.0,5.571428571428571,7.0,3.0,2.0
37649,61.263814,7.0,3.0,3.6666666666666665,4.0,3.0,1.0
96801,84.95771500000001,8.0,9.0,5.666666666666667,6.0,3.0,1.0
53570,109.10659799999999,10.0,10.0,5.5,5.0,5.0,1.0
57682,140.786934,11.0,1.0,5.0,5.0,5.0,1.0
100788,80.915218,9.0,7.0,5.857142857142857,5.0,5.0,1.0
100397,108.326024,11.0,17.0,5.705882352941177,6.0,4.0,2.0
67394,122.86610800000001,9.0,6.0,4.833333333333333,5.0,4.0,1.0
147174,100.921661,8.0,4.0,4.25,5.0,3.0,1.0
53125,94.91351800000001,7.0,5.0,4.2,5.0,3.0,1.0
96996,68.99328899999999,9.0,7.0,4.142857142857143,4.0,3.0,1.0
96934,69.50685,9.0,7.0,4.142857142857143,4.0,3.0,1.0
140611,77.91567599999999,10.0,10.0,4.8,5.0,3.0,2.0
33757,71.78132,7.0,6.0,4.833333333333333,5.0,3.0,1.0
13300,91.93313199999999,9.0,10.0,4.9,5.0,3.0,2.0
11879,68.68156,6.0,20.0,5.9,6.0,5.0,2.0
16679,48.913968,5.0,2.0,3.5,3.0,3.0,1.0
143084,111.537485,11.0,28.0,5.178571428571429,5.0,3.0,3.0
57466,88.669994,9.0,8.0,4.75,5.0,3.0,2.0
44833,94.342684,9.0,1.0,5.0,5.0,5.0,1.0
23461,66.69027899999999,7.0,2.0,5.5,6.0,5.0,1.0
51056,82.807929,9.0,10.0,5.2,5.0,3.0,2.0
100268,89.630616,9.0,4.0,5.5,6.0,5.0,1.0
13442,97.623493,5.0,7.0,5.285714285714286,5.0,4.0,1.0
100921,74.41989000000001,7.0,1.0,5.0,5.0,5.0,1.0
26425,89.33411799999999,7.0,4.0,5.5,5.0,4.0,1.0
39564,105.935649,10.0,2.0,5.0,5.0,5.0,1.0
15671,72.86838399999996,9.0,2.0,3.5,3.0,3.0,1.0
50795,73.661488,10.0,3.0,3.6666666666666665,4.0,3.0,1.0
135480,61.84969999999999,6.0,2.0,5.0,5.0,5.0,1.0
59695,65.52999000000001,5.0,6.0,4.333333333333333,5.0,3.0,2.0
36188,96.52908,7.0,1.0,5.0,5.0,5.0,1.0
22963,49.709283,4.0,1.0,5.0,5.0,5.0,1.0
13121,102.560813,8.0,4.0,4.75,5.0,4.0,2.0
38772,89.437815,14.0,1.0,5.0,5.0,5.0,1.0
60526,72.22778199999999,7.0,4.0,4.0,4.0,3.0,2.0
30335,92.130221,10.0,8.0,4.75,5.0,4.0,2.0
141881,142.49569599999998,11.0,5.0,4.4,5.0,3.0,2.0
111411,73.57293800000001,7.0,5.0,4.4,4.0,3.0,1.0
9053,74.704915,7.0,8.0,4.75,4.0,3.0,2.0
138102,92.825399,10.0,22.0,6.090909090909091,6.0,5.0,1.0
157840,95.50153399999999,8.0,3.0,6.333333333333333,7.0,5.0,1.0
18257,45.490883000000004,4.0,1.0,4.0,4.0,4.0,1.0
100306,90.41973,9.0,6.0,5.0,5.0,4.0,2.0
46617,101.75805399999999,8.0,8.0,4.0,4.0,3.0,2.0
93169,54.820172,5.0,4.0,5.0,5.0,5.0,2.0
6690,88.33591000000001,10.0,7.0,4.857142857142857,5.0,3.0,1.0
9254,101.423394,9.0,1.0,4.0,4.0,4.0,1.0
63468,71.45231545,8.0,4.0,5.25,5.0,5.0,1.0
142867,115.240781,9.0,30.0,5.8,6.0,3.0,3.0
21982,99.334288,8.0,27.0,5.111111111111111,5.0,3.0,3.0
66652,91.74923,10.0,4.0,3.75,3.0,3.0,4.0
39179,72.85256899999999,8.0,12.0,4.833333333333333,5.0,3.0,2.0
67101,61.03678599999999,9.0,6.0,5.0,4.0,4.0,1.0
49723,76.571408,9.0,5.0,4.8,5.0,4.0,1.0
100275,105.751687,10.0,10.0,5.3,5.0,4.0,2.0
53715,110.48972499999999,9.0,10.0,5.8,6.0,5.0,2.0
71626,104.034774,11.0,3.0,6.0,6.0,5.0,1.0
97500,72.46843,7.0,2.0,4.5,5.0,4.0,1.0
154943,132.240517,15.0,10.0,5.6,5.0,5.0,3.0
135524,79.75661999999998,8.0,4.0,5.25,5.0,5.0,1.0
99804,132.32313600000003,8.0,4.0,4.75,5.0,4.0,1.0
69460,41.540388,5.0,1.0,5.0,5.0,5.0,1.0
37345,33.783524,4.0,1.0,4.0,4.0,4.0,1.0
143923,80.008269,7.0,10.0,4.8,5.0,3.0,2.0
7565,90.89983999999997,4.0,8.0,3.75,4.0,3.0,2.0
94676,79.33662500000001,8.0,8.0,5.25,5.0,4.0,1.0
33732,71.79074500000002,7.0,6.0,4.833333333333333,5.0,3.0,1.0
93980,130.99223899999998,12.0,4.0,5.25,5.0,5.0,1.0
16677,99.46423700000001,10.0,9.0,5.0,5.0,5.0,3.0
57150,89.45532200000001,9.0,4.0,5.0,6.0,4.0,2.0
60351,58.957055999999994,6.0,2.0,5.0,5.0,5.0,1.0
27981,96.24254499999999,7.0,4.0,4.25,5.0,3.0,1.0
34042,61.420443999999996,6.0,8.0,5.0,5.0,5.0,2.0
14051,103.488996,10.0,7.0,5.857142857142857,6.0,5.0,1.0
95592,122.435777,11.0,6.0,5.333333333333333,5.0,5.0,1.0
46607,77.12509,9.0,3.0,5.333333333333333,5.0,5.0,1.0
23700,76.028674,7.0,8.0,4.75,5.0,4.0,2.0
12846,38.211053,4.0,3.0,4.333333333333333,5.0,3.0,3.0
44278,84.89408399999999,13.0,4.0,4.75,5.0,4.0,2.0
13142,89.207797,7.0,8.0,4.75,5.0,3.0,2.0
56462,71.780061,8.0,7.0,5.142857142857143,4.0,3.0,1.0
63417,81.510159,7.0,8.0,5.25,5.0,3.0,2.0
15971,102.55153000000001,9.0,18.0,5.0,5.0,4.0,3.0
17034,105.165134,11.0,9.0,5.777777777777778,6.0,5.0,3.0
106473,79.667086,9.0,4.0,5.25,5.0,5.0,1.0
39108,103.192655,10.0,8.0,7.125,7.0,4.0,1.0
40669,99.607992,11.0,10.0,6.6,6.0,4.0,1.0
157809,98.654579,7.0,2.0,6.0,6.0,6.0,1.0
25518,106.933705,9.0,6.0,5.333333333333333,5.0,5.0,2.0
56126,81.677022,6.0,1.0,3.0,3.0,3.0,1.0
142993,89.0183,9.0,5.0,4.6,6.0,3.0,1.0
104739,112.866226,12.0,5.0,5.4,5.0,5.0,1.0
20504,77.019192,7.0,1.0,3.0,3.0,3.0,1.0
68266,64.74748699999999,7.0,2.0,5.0,5.0,5.0,1.0
57299,87.54574600000001,6.0,15.0,4.266666666666667,4.0,3.0,3.0
108170,72.46137900000001,9.0,2.0,4.5,4.0,4.0,2.0
97507,72.468637,7.0,2.0,4.5,5.0,4.0,1.0
51389,95.03506200000001,11.0,2.0,5.5,5.0,5.0,1.0
13288,92.554704,9.0,6.0,5.333333333333333,5.0,5.0,1.0
111518,99.717234,9.0,2.0,5.0,5.0,5.0,1.0
67563,30.525264000000004,7.0,1.0,3.0,3.0,3.0,1.0
34631,73.69886799999999,8.0,4.0,5.5,5.0,5.0,1.0
30768,68.708485,7.0,2.0,4.0,4.0,4.0,1.0
68263,83.549312,7.0,12.0,4.5,4.0,3.0,2.0
143731,79.94809799999999,7.0,10.0,4.8,5.0,3.0,2.0
56165,47.103413,5.0,1.0,5.0,5.0,5.0,1.0
56970,63.720289,7.0,8.0,5.0,5.0,4.0,2.0
147599,87.876402,7.0,6.0,5.0,5.0,4.0,1.0
14345,71.28175399999999,8.0,4.0,5.25,5.0,5.0,1.0
100759,77.734752,9.0,3.0,4.666666666666667,5.0,4.0,1.0
31907,127.37646800000002,9.0,18.0,5.111111111111111,5.0,3.0,3.0
6289,62.91535199999999,6.0,3.0,5.0,5.0,5.0,1.0
32606,88.484484,8.0,5.0,5.2,5.0,5.0,1.0
135471,79.78669000000001,8.0,4.0,5.25,5.0,5.0,1.0
59602,133.838015,12.0,26.0,6.0,6.0,3.0,2.0
135432,60.866357,6.0,2.0,5.0,5.0,5.0,1.0
20261,84.427114,7.0,9.0,5.333333333333333,5.0,5.0,3.0
57005,85.810771,10.0,6.0,5.333333333333333,5.0,5.0,1.0
107094,97.455477,9.0,6.0,3.8333333333333335,4.0,3.0,2.0
71383,110.76561600000001,10.0,4.0,5.0,5.0,5.0,2.0
16155,53.710288,5.0,2.0,4.5,4.0,4.0,1.0
101833,58.458581,17.0,4.0,5.0,5.0,4.0,2.0
101049,89.789332,8.0,4.0,5.0,5.0,5.0,1.0
5531,60.463445,6.0,3.0,4.666666666666667,5.0,4.0,1.0
23843,150.602911,11.0,10.0,4.5,5.0,3.0,3.0
34902,65.78836299999999,6.0,4.0,3.75,4.0,3.0,1.0
44053,82.403186,9.0,5.0,4.8,5.0,4.0,1.0
16523,61.444888000000006,6.0,2.0,4.0,5.0,3.0,1.0
68405,111.69655600000002,8.0,3.0,3.6666666666666665,4.0,3.0,1.0
42678,57.82948400000001,10.0,17.0,4.705882352941177,5.0,3.0,2.0
21048,87.27613,10.0,8.0,5.0,6.0,3.0,2.0
12045,62.17018099999999,7.0,4.0,5.0,5.0,5.0,1.0
35952,75.91244499999999,7.0,1.0,5.0,5.0,5.0,1.0
48741,99.067731,10.0,2.0,5.0,5.0,5.0,1.0
60811,86.586984,10.0,9.0,5.222222222222222,6.0,3.0,1.0
39162,83.508762,9.0,13.0,5.3076923076923075,5.0,4.0,2.0
18330,83.332944,9.0,1.0,5.0,5.0,5.0,3.0
108012,72.606715,10.0,4.0,5.25,5.0,5.0,1.0
23863,150.745527,11.0,10.0,4.5,5.0,3.0,3.0
136921,76.333518,9.0,6.0,6.0,7.0,5.0,1.0
10721,107.45637400000001,11.0,10.0,5.2,5.0,5.0,2.0
19662,118.42714099999999,12.0,4.0,5.75,5.0,5.0,1.0
107283,97.577802,10.0,6.0,3.8333333333333335,4.0,3.0,2.0
23734,84.13133100000002,7.0,9.0,5.333333333333333,5.0,5.0,3.0
32043,38.323023000000006,7.0,3.0,4.0,4.0,3.0,1.0
107995,71.44717700000001,10.0,4.0,5.25,5.0,5.0,1.0
20957,86.03131400000001,7.0,8.0,4.75,5.0,4.0,2.0
32635,108.302265,9.0,6.0,5.166666666666667,5.0,5.0,1.0
45169,67.77173599999999,7.0,6.0,3.5,4.0,3.0,2.0
37780,99.415543,9.0,5.0,4.2,4.0,3.0,3.0
92718,85.594528,7.0,14.0,5.857142857142857,6.0,4.0,1.0
15942,100.99299500000001,9.0,12.0,5.25,5.0,5.0,3.0
58872,129.327677,12.0,6.0,4.666666666666667,5.0,4.0,1.0
8964,89.881066,8.0,13.0,5.769230769230769,6.0,3.0,1.0
147833,65.531709,7.0,4.0,5.5,5.0,5.0,1.0
59589,65.65233299999998,8.0,6.0,5.333333333333333,5.0,4.0,1.0
28100,75.170893,9.0,3.0,5.333333333333333,5.0,5.0,1.0
138527,90.856858,10.0,14.0,5.857142857142857,5.0,5.0,1.0
95849,95.48327899999998,9.0,8.0,5.625,5.0,4.0,1.0
108743,109.99678499999999,9.0,2.0,3.0,3.0,3.0,1.0
47755,100.774933,9.0,4.0,6.0,7.0,4.0,1.0
51681,77.666359,10.0,4.0,5.0,5.0,5.0,2.0
48148,96.780468,9.0,6.0,4.666666666666667,5.0,4.0,2.0
109551,97.24753700000001,8.0,8.0,4.75,5.0,4.0,4.0
13188,52.695575999999996,4.0,4.0,3.75,4.0,3.0,1.0
53191,111.32616099999998,10.0,6.0,4.333333333333333,4.0,4.0,2.0
145522,82.115021,8.0,7.0,5.142857142857143,5.0,5.0,1.0
104786,115.25304700000001,12.0,5.0,5.4,5.0,5.0,1.0
54722,156.03128400000003,11.0,0.0,0.0,0.0,0.0,2.0
13024,61.58818899999999,6.0,0.0,0.0,0.0,0.0,2.0
42394,91.551838,6.0,1.0,3.0,3.0,3.0,1.0
20900,76.146184,7.0,3.0,4.0,5.0,3.0,2.0
70584,98.19493400000002,8.0,3.0,3.6666666666666665,4.0,3.0,1.0
136935,76.910702,9.0,4.0,6.0,7.0,5.0,1.0
97835,74.508013,7.0,5.0,5.4,7.0,3.0,1.0
142562,114.401657,9.0,30.0,5.8,6.0,3.0,3.0
71656,81.850546,10.0,2.0,3.5,4.0,3.0,2.0
50829,95.61659700000001,10.0,16.0,5.5625,6.0,4.0,1.0
142411,61.45180700000001,9.0,6.0,5.333333333333333,5.0,5.0,1.0
93879,90.74004699999999,11.0,12.0,5.0,5.0,4.0,2.0
10625,76.77888899999998,12.0,5.0,4.4,4.0,4.0,2.0
7025,84.941446,7.0,2.0,5.5,6.0,5.0,1.0
99348,71.22436699999999,11.0,4.0,5.25,5.0,5.0,1.0
97350,107.35838299999999,13.0,7.0,4.571428571428571,5.0,3.0,2.0
148553,45.144282,7.0,8.0,5.25,5.0,4.0,1.0
108804,111.153249,12.0,1.0,6.0,6.0,6.0,1.0
28891,83.173985,8.0,2.0,5.0,5.0,5.0,2.0
93150,37.047318000000004,4.0,2.0,5.0,5.0,5.0,1.0
60984,47.66607400000001,6.0,3.0,5.333333333333333,5.0,5.0,1.0
39210,97.227064,8.0,6.0,4.5,5.0,3.0,2.0
34006,61.442853,6.0,8.0,5.0,5.0,5.0,2.0
31454,79.802137,10.0,6.0,5.333333333333333,5.0,5.0,1.0
49426,93.35692200000001,8.0,2.0,5.0,5.0,5.0,1.0
28113,109.315826,11.0,6.0,4.333333333333333,5.0,3.0,1.0
53704,91.503456,8.0,7.0,5.714285714285714,5.0,5.0,1.0
70553,97.31637500000001,10.0,6.0,5.666666666666667,6.0,5.0,1.0
11748,82.353532,7.0,15.0,5.266666666666667,5.0,3.0,3.0
10894,88.660346,9.0,17.0,5.294117647058823,5.0,3.0,2.0
66519,105.51867200000001,10.0,4.0,4.5,5.0,3.0,1.0
25394,109.69145400000001,10.0,5.0,4.4,5.0,3.0,1.0
157811,106.351078,8.0,3.0,5.0,5.0,5.0,1.0
108794,81.107065,8.0,1.0,3.0,3.0,3.0,1.0
109212,80.344759,16.0,6.0,5.333333333333333,5.0,5.0,2.0
111650,154.501641,10.0,6.0,4.5,5.0,3.0,2.0
53762,110.278281,11.0,8.0,5.625,5.0,5.0,1.0
8610,102.864285,10.0,15.0,5.6,6.0,3.0,3.0
154433,77.571306,10.0,10.0,5.3,5.0,4.0,2.0
109579,77.898855,8.0,12.0,4.666666666666667,4.0,3.0,2.0
11890,71.40863399999999,7.0,12.0,5.833333333333333,6.0,5.0,1.0
29207,93.208118,8.0,6.0,5.333333333333333,5.0,5.0,2.0
17563,137.368698,16.0,6.0,5.666666666666667,6.0,5.0,2.0
28656,114.47552999999998,10.0,8.0,5.0,4.0,3.0,2.0
